velocity_y,altitude,angle,downrange_distance,velocity,acceleration,q,time,velocity_x
-0.11,0.0,90.0,0.0,0.277,10.402,0.04699648011605415,0,0.0
1.76,0.001,90.0,0.0,1.499,10.896,1.376997013179443,1,0.0
3.63,0.003,90.0,0.0,2.382,11.466,3.475454322710763,2,0.0
5.747,0.007,90.0,0.0,5.005,12.104,15.33649644629474,3,0.0
8.353,0.013,90.0,0.0,8.061,12.618,39.74530725956342,4,0.0
11.32,0.023,90.0,0.0,11.114,12.926,75.48910705503529,5,0.0
14.535,0.035,90.0,0.0,14.355,13.072,125.7879395849895,6,0.0
17.853,0.051,90.0,0.0,17.781,13.17,192.7002697773484,7,0.0
21.248,0.071,90.0,0.0,21.256,13.243,274.8498879798709,8,0.0
24.715,0.094,90.0,0.0,24.633,13.29,368.3174465041014,9,0.0
28.233,0.12,90.0,0.0,28.063,13.341,476.8288148510193,10,0.0
31.802,0.15,90.0,0.0,31.763,13.407,609.0953560742647,11,0.0
35.425,0.184,90.0,0.0,35.422,13.478,755.0571225583221,12,0.0
39.12,0.221,90.0,0.0,38.985,13.539,911.3215817989264,13,0.0
42.891,0.262,90.0,0.0,42.785,13.597,1093.314336819034,14,0.0
46.74,0.307,90.0,0.0,46.533,13.665,1287.680685445577,15,0.0
50.678,0.355,90.0,0.0,50.561,13.743,1513.092221278052,16,0.0
54.69,0.408,90.0,0.0,54.725,13.829,1763.586400260032,17,0.0
58.773,0.464,90.0,0.0,58.619,13.915,2012.44959887413,18,0.0
62.903,0.525,90.0,0.0,62.92,14.005,2304.944218307005,19,0.0
67.107,0.59,90.0,0.0,66.948,14.081,2593.076894181111,20,0.0
71.36,0.659,90.0,0.0,71.254,14.128,2917.634035205568,21,0.0
75.687,0.733,90.0,0.0,75.563,14.171,3257.84038805571,22,0.0
80.069,0.81,90.0,0.0,80.143,14.228,3636.896921193259,23,0.0
84.547,0.893,90.0,0.0,84.355,14.33,3996.950335809869,24,0.0
89.099,0.979,90.0,0.0,88.892,14.432,4400.924863049565,25,0.0
93.75,1.071,90.0,0.0,93.615,14.53,4837.428295795045,26,0.0
98.506,1.167,90.0,0.0,98.428,14.612,5297.224759149479,27,0.0
103.374,1.267,90.0,0.0,103.198,14.695,5765.510598314245,28,0.0
108.35,1.373,90.0,0.0,108.198,14.787,6271.788364793105,29,0.0
113.427,1.484,90.0,0.0,113.337,14.88,6806.498181530425,30,0.0
118.607,1.6,90.0,0.0,118.341,14.978,7335.82522042415,31,0.0
123.857,1.721,90.0,0.0,123.892,15.07,7943.587840666678,32,0.0
129.191,1.847,90.0,0.0,129.17,15.161,8526.221461255845,33,0.0
134.607,1.979,90.0,0.0,134.452,15.267,9116.457307539935,34,-0.037
140.127,2.116,90.0,0.0,139.865,15.39,9729.996025124388,35,-0.167
145.757,2.259,90.0,-0.001,145.563,15.514,10388.15999540681,36,-0.656
151.526,2.408,90.0,-0.001,151.396,15.622,11069.57003322052,37,-1.117
157.414,2.562,90.0,-0.003,157.23,15.714,11753.21821033775,38,-1.185
163.395,2.722,89.74,-0.003,163.341,15.805,12478.71596344885,39,-0.402
169.441,2.889,89.341,-0.003,169.448,15.881,13202.14867041226,40,1.1
175.575,3.061,88.941,-0.001,175.42,15.942,13900.28494607573,41,3.299
181.807,3.239,88.542,0.004,181.67,16.003,14635.84977846484,42,6.219
187.712,3.424,87.89,0.012,187.785,16.093,15340.75335479454,43,9.84
193.476,3.615,87.498,0.024,194.587,16.213,16147.03519485089,44,14.125
199.654,3.813,87.014,0.041,201.115,16.331,16894.6895542453,45,19.177
206.311,4.014,86.196,0.063,207.508,16.399,17609.90462681117,46,24.939
212.648,4.228,85.052,0.091,214.73,16.384,18434.11791070921,47,31.112
219.038,4.447,83.868,0.125,221.948,16.285,19240.86328689979,48,37.166
225.043,4.672,82.534,0.165,228.619,16.028,19928.63845295438,49,42.616
230.17,4.904,81.542,0.21,234.867,15.586,20515.46574843311,50,47.154
233.832,5.141,80.798,0.259,240.004,14.992,20878.17106726875,51,51.064
237.069,5.375,80.079,0.311,244.448,14.469,21115.49277470403,52,54.352
240.407,5.619,79.363,0.367,248.619,14.139,21265.06113102296,53,57.114
244.976,5.85,78.768,0.425,252.688,13.983,21413.82985345999,54,59.206
249.634,6.096,77.752,0.485,256.811,13.906,21524.1434891907,55,60.948
254.344,6.359,76.753,0.547,261.255,13.871,21629.03206264259,56,62.599
258.843,6.626,76.074,0.611,265.628,13.889,21698.59246567628,57,64.307
262.98,6.884,75.714,0.676,269.867,13.923,21750.98567300082,58,66.326
265.975,7.15,75.34,0.744,274.311,13.954,21801.48424657411,59,68.935
268.998,7.415,75.081,0.814,278.756,14.008,21840.41750147835,60,72.175
272.447,7.688,74.697,0.888,283.337,14.098,21860.53168699086,61,75.876
276.585,7.969,74.176,0.966,288.2,14.214,21888.43783745182,62,79.83
280.803,8.241,73.586,1.048,293.2,14.308,21943.11701964361,63,83.91
285.03,8.532,72.947,1.134,298.063,14.387,21909.03816600885,64,87.964
289.1,8.823,72.457,1.224,303.2,14.453,21896.79857827615,65,91.729
293.374,9.114,72.133,1.317,308.337,14.512,21865.73575796049,66,95.096
297.696,9.409,71.941,1.414,313.615,14.591,21823.75692999577,67,98.109
302.066,9.712,71.725,1.513,318.892,14.688,21743.36520302943,68,101.019
306.728,10.019,71.503,1.616,324.448,14.812,21670.4857013818,69,104.085
312.077,10.331,71.169,1.722,330.281,14.918,21601.99615232514,70,107.476
317.494,10.65,70.785,1.831,335.98,15.02,21472.86189057565,71,111.176
322.649,10.961,70.359,1.944,341.674,15.153,21349.11858814674,72,115.118
327.728,11.305,70.086,2.061,348.059,15.317,21198.59764680656,73,119.35
332.332,11.64,69.818,2.183,354.174,15.469,21016.43958926146,74,123.958
336.326,11.983,69.592,2.309,360.563,15.544,20825.19118236595,75,128.922
340.462,12.316,69.262,2.441,366.948,15.555,20641.79657667352,76,134.167
345.759,12.663,68.845,2.578,373.341,15.558,20396.94060623575,77,139.629
351.179,12.979,68.174,2.72,379.73,15.612,20220.58091670403,78,145.174
356.295,13.362,67.477,2.868,386.674,15.737,19896.94465565504,79,150.648
361.396,13.75,66.802,3.021,394.174,15.91,19596.00151959415,80,155.962
367.582,14.127,66.314,3.18,401.258,16.089,19264.36710577695,81,161.226
372.714,14.463,65.883,3.344,407.924,16.242,18983.57386560756,82,166.687
377.533,14.837,65.454,3.514,415.285,16.329,18647.03283649969,83,172.605
382.991,15.226,64.817,3.69,422.785,16.364,18264.76659249369,84,179.201
388.734,15.613,64.127,3.872,430.424,16.388,17881.89144969612,85,186.442
393.407,16.009,63.347,4.063,438.337,16.484,17481.84841802288,86,194.28
398.01,16.394,62.599,4.261,445.841,16.672,17063.11521931968,87,202.65
402.685,16.806,61.917,4.468,454.452,16.9,16640.65421024368,88,211.385
406.985,17.225,61.482,4.684,463.063,17.167,16185.75884511208,89,220.123
411.243,17.637,61.097,4.908,471.396,17.611,15714.87259254096,90,228.773
416.09,18.038,60.67,5.142,480.841,18.382,15331.49400538823,91,237.449
424.481,18.45,60.121,5.383,491.952,19.479,15003.95302263577,92,246.446
434.207,18.888,59.527,5.635,504.183,20.601,14655.41032207188,93,255.9
445.49,19.321,58.918,5.896,517.785,21.528,14369.72273728337,94,265.991
456.753,19.803,58.337,6.167,531.952,22.124,13961.1030535076,95,276.933
467.017,20.266,57.801,6.45,545.85,22.506,13553.15731689988,96,288.689
473.899,20.75,57.353,6.745,560.85,22.77,13122.80254138257,97,301.078
481.86,21.217,56.96,7.052,575.563,22.948,12692.7492744241,98,313.903
489.826,21.701,56.559,7.373,590.285,23.125,12202.14569774484,99,327.01
498.21,22.201,56.084,7.706,605.294,23.268,11666.89703951561,100,340.131
507.364,22.717,55.595,8.053,620.85,23.466,11100.56870946541,101,353.045
519.515,23.235,55.098,8.412,636.683,23.664,10529.99043032282,102,365.635
532.66,23.751,54.622,8.784,652.239,23.895,9945.421084279737,103,377.979
544.605,24.29,54.174,9.168,668.636,24.16,9334.18141373327,104,390.309
556.04,24.87,53.759,9.565,685.58,24.422,8660.358660939797,105,403.079
567.253,25.451,53.343,9.975,702.785,24.713,8000.276008252925,106,416.774
577.535,25.998,52.888,10.399,719.183,24.97,7391.267254583327,107,431.684
585.309,26.592,52.381,10.839,736.961,25.195,6746.513950449003,108,447.939
594.01,27.191,51.811,11.295,754.461,25.354,6108.509798877039,109,465.447
602.946,27.791,51.228,11.77,772.508,25.448,5503.062974105363,110,483.83
611.264,28.402,50.635,12.263,790.572,25.598,4911.362557469191,111,502.695
617.304,29.051,50.048,12.776,809.73,25.811,4315.988816557297,112,521.681
625.425,29.635,49.469,13.307,827.517,26.116,3818.589655877917,113,540.567
634.437,30.271,48.955,13.856,846.405,26.365,3308.988493619374,114,558.997
643.906,30.927,48.483,14.424,865.85,26.558,2826.106330085954,115,576.944
654.529,31.57,48.061,15.01,885.017,26.694,2394.939925039423,116,594.407
666.102,32.25,47.641,15.613,904.739,26.863,1982.835427497585,117,611.732
676.911,32.924,47.243,16.234,925.017,27.092,1623.053444825493,118,629.106
689.818,33.599,46.815,16.872,944.747,27.473,1306.034225071079,119,647.052
701.893,34.302,46.376,17.528,965.58,27.912,1022.682846510534,120,665.783
713.048,35.02,45.903,18.204,987.247,28.349,779.3108304139984,121,685.595
723.764,35.778,45.431,18.9,1009.478,28.629,567.6652599572453,122,706.528
732.456,36.525,44.95,19.617,1031.421,28.816,401.5999158639634,123,728.545
736.845,37.251,44.476,20.357,1053.628,28.972,276.6924971098657,124,751.38
744.543,37.951,43.99,21.12,1075.017,29.161,184.9031614126929,125,774.77
752.298,38.716,43.493,21.907,1097.794,29.409,111.9773172669673,126,798.323
759.808,39.477,42.992,22.717,1120.85,29.657,62.78795600129506,127,821.807
768.151,40.251,42.511,23.551,1144.191,29.934,31.2490070702718,128,845.157
779.104,41.026,42.031,24.407,1167.802,30.213,13.27865733587527,129,868.602
791.015,41.801,41.559,25.288,1191.969,30.616,4.43363952036873,130,892.358
802.667,42.601,41.104,26.192,1216.43,31.05,0.9161607573799474,131,916.661
813.808,43.424,40.671,27.122,1241.978,31.514,0.06101382671313133,132,941.657
824.186,44.28,40.244,28.076,1267.811,31.826,2.902145123095436e-07,133,967.326
831.981,45.119,39.841,29.056,1294.756,32.079,0.0,134,993.489
835.646,45.951,39.485,30.063,1320.311,32.306,0.0,135,1019.955
843.246,46.785,39.144,31.096,1346.405,32.602,0.0,136,1046.604
852.729,47.581,38.799,32.156,1372.794,32.99,0.0,137,1073.169
863.355,48.451,38.433,33.243,1400.025,33.407,0.0,138,1099.493
875.468,49.386,38.074,34.355,1428.089,33.912,0.0,139,1125.683
893.366,50.219,37.714,35.494,1456.413,34.446,0.0,140,1151.999
908.169,51.118,37.378,36.66,1486.413,35.016,0.0,141,1178.857
921.335,52.083,37.063,37.852,1515.58,35.466,0.0,142,1206.603
933.202,53.051,36.776,39.073,1545.58,35.734,0.0,143,1235.473
943.735,53.951,36.5,40.324,1575.58,35.942,0.0,144,1265.352
948.848,54.92,36.206,41.604,1605.858,36.179,0.0,145,1296.015
954.152,55.851,35.872,42.916,1636.978,36.504,0.0,146,1327.277
962.964,56.817,35.511,44.259,1668.097,36.731,0.0,147,1358.943
973.096,57.785,35.133,45.634,1700.319,36.892,0.0,148,1390.974
984.88,58.751,34.74,47.041,1731.986,36.988,0.0,149,1423.331
996.993,59.785,34.332,48.481,1763.375,37.114,0.0,150,1456.099
1008.374,60.781,33.953,49.954,1794.764,37.209,0.0,151,1489.062
1015.872,61.818,33.609,51.459,1826.708,37.244,0.0,152,1522.094
1021.969,62.818,33.293,52.998,1858.653,37.224,0.0,153,1555.063
1026.083,63.867,32.997,54.569,1891.435,37.149,0.0,154,1587.805
1029.39,64.885,32.718,56.173,1923.358,37.051,0.0,155,1620.139
1035.446,65.92,32.454,57.809,1954.191,36.925,0.0,156,1652.381
1045.296,66.951,32.18,59.478,1985.025,36.829,0.0,157,1685.054
1059.449,67.981,31.927,61.18,2016.136,36.762,0.0,158,1718.045
1074.171,69.083,31.681,62.914,2047.802,36.727,0.0,159,1750.391
1088.962,70.177,31.476,64.679,2079.756,36.695,0.0,160,1780.778
1100.634,71.286,31.291,66.474,2111.43,36.666,0.0,161,1808.369
1107.98,72.422,31.138,68.294,2144.208,36.604,0.0,162,1832.601
1109.682,73.519,30.976,70.137,2175.867,30.983,0.0,163,1853.117
1109.13,74.651,30.799,71.999,2190.744,20.245,0.0,164,1869.617
1106.528,75.717,30.585,73.874,2190.205,8.676,0.0,165,1881.901
1100.905,76.902,30.351,75.76,2186.243,2.361,0.0,166,1889.996
1094.172,77.951,30.096,77.652,2182.773,1.036,0.0,167,1894.109
1085.694,79.051,29.851,79.547,2178.329,0.504,0.0,168,1894.861
1074.055,80.151,29.598,81.441,2173.607,0.257,0.0,169,1893.449
1062.348,81.192,29.353,83.334,2169.021,0.133,0.0,170,1891.755
1051.756,82.251,29.091,85.225,2164.299,0.079,0.0,171,1891.195
1040.939,83.281,28.841,87.117,2159.714,0.107,0.0,172,1892.1
1030.526,84.303,28.584,89.01,2154.996,0.372,0.0,173,1893.976
1022.395,85.351,28.368,90.905,2151.014,1.922,0.0,174,1896.353
1014.981,86.325,28.192,92.803,2151.32,3.944,0.0,175,1899.091
1008.789,87.377,28.069,94.703,2153.475,6.042,0.0,176,1902.077
1004.716,88.318,27.963,96.607,2156.299,6.994,0.0,177,1905.325
1003.365,89.318,27.864,98.514,2159.355,7.47,0.0,178,1908.955
1004.857,90.32,27.745,100.425,2162.688,7.679,0.0,179,1913.13
1006.895,91.32,27.608,102.341,2166.022,7.785,0.0,180,1917.934
1008.283,92.351,27.437,104.261,2169.448,7.863,0.0,181,1923.35
1007.574,93.381,27.261,106.188,2173.059,7.917,0.0,182,1929.375
1001.603,94.418,27.074,108.12,2176.67,7.941,0.0,183,1936.01
990.937,95.417,26.898,110.06,2180.281,7.932,0.0,184,1943.242
979.872,96.385,26.703,112.007,2183.891,7.918,0.0,185,1950.934
969.162,97.351,26.493,113.962,2187.504,7.916,0.0,186,1958.881
959.12,98.285,26.249,115.925,2191.256,7.93,0.0,187,1966.877
952.878,99.251,25.984,117.896,2195.004,7.941,0.0,188,1974.73
950.129,100.14,25.702,119.874,2198.799,7.949,0.0,189,1982.304
947.437,101.116,25.423,121.86,2202.688,7.958,0.0,190,1989.578
944.192,102.084,25.16,123.853,2206.577,7.97,0.0,191,1996.657
938.169,103.035,24.938,125.854,2210.559,7.988,0.0,192,2003.652
930.018,103.971,24.76,127.861,2214.726,8.011,0.0,193,2010.651
921.936,104.901,24.613,129.875,2218.756,8.036,0.0,194,2017.733
914.197,105.795,24.456,131.896,2222.785,8.077,0.0,195,2024.948
906.85,106.681,24.284,133.925,2226.948,8.111,0.0,196,2032.266
902.286,107.591,24.085,135.961,2231.256,8.143,0.0,197,2039.593
899.677,108.472,23.867,138.004,2235.7,8.156,0.0,198,2046.848
896.546,109.349,23.636,140.054,2240.004,8.168,0.0,199,2054.023
892.106,110.305,23.426,142.112,2244.725,8.182,0.0,200,2061.133
885.741,111.262,23.248,144.177,2249.17,8.2,0.0,201,2068.189
878.772,112.118,23.101,146.248,2253.478,8.206,0.0,202,2075.165
872.005,112.951,22.96,148.327,2257.922,8.214,0.0,203,2082.052
866.214,113.825,22.801,150.412,2262.508,8.219,0.0,204,2088.848
861.732,114.705,22.618,152.505,2267.226,8.251,0.0,205,2095.562
859.429,115.557,22.421,154.603,2271.948,8.296,0.0,206,2102.189
857.916,116.387,22.216,156.709,2276.392,8.341,0.0,207,2108.807
856.386,117.267,22.004,158.821,2281.256,8.371,0.0,208,2115.533
853.624,118.128,21.803,160.94,2286.115,8.387,0.0,209,2122.475
848.269,119.005,21.626,163.066,2291.115,8.405,0.0,210,2129.678
841.157,119.859,21.458,165.2,2295.978,8.423,0.0,211,2137.138
833.335,120.665,21.28,167.341,2300.978,8.44,0.0,212,2144.821
825.489,121.501,21.091,169.489,2306.115,8.457,0.0,213,2152.635
818.117,122.312,20.903,171.646,2311.391,8.488,0.0,214,2160.424
812.873,123.126,20.713,173.81,2316.392,8.52,0.0,215,2168.034
809.218,123.92,20.511,175.982,2321.533,8.549,0.0,216,2175.323
806.45,124.721,20.306,178.161,2326.811,8.549,0.0,217,2182.281
804.18,125.556,20.119,180.346,2332.089,8.535,0.0,218,2188.967
801.923,126.345,19.964,182.538,2337.367,8.51,0.0,219,2195.537
799.53,127.13,19.826,184.737,2342.645,8.487,0.0,220,2202.161
796.965,127.93,19.697,186.943,2347.781,8.466,0.0,221,2209.013
794.115,128.747,19.572,189.155,2353.337,8.46,0.0,222,2216.178
789.494,129.525,19.443,191.375,2358.478,8.469,0.0,223,2223.633
782.088,130.206,19.295,193.603,2363.756,8.491,0.0,224,2231.289
774.634,131.006,19.126,195.838,2369.17,8.511,0.0,225,2239.041
767.214,131.859,18.958,198.081,2374.73,8.532,0.0,226,2246.786
760.086,132.627,18.813,200.331,2380.285,8.556,0.0,227,2254.414
754.607,133.376,18.688,202.59,2385.7,8.582,0.0,228,2261.857
752.517,134.126,18.561,204.855,2391.396,8.608,0.0,229,2269.117
750.684,134.875,18.416,207.128,2396.952,8.645,0.0,230,2276.245
748.975,135.627,18.254,209.408,2402.785,8.695,0.0,231,2283.344
747.276,136.378,18.072,211.695,2408.478,8.757,0.0,232,2290.523
745.322,137.106,17.877,213.989,2414.452,8.802,0.0,233,2297.856
741.514,137.86,17.687,216.29,2420.567,8.817,0.0,234,2305.377
734.165,138.624,17.521,218.6,2426.533,8.805,0.0,235,2313.079
726.844,139.336,17.372,220.917,2432.599,8.78,0.0,236,2320.952
719.607,140.052,17.216,223.242,2438.478,8.755,0.0,237,2328.944
712.598,140.751,17.044,225.574,2444.17,8.73,0.0,238,2337.004
707.15,141.43,16.861,227.916,2449.867,8.734,0.0,239,2345.069
705.004,142.159,16.677,230.265,2455.841,8.768,0.0,240,2353.086
700.629,142.878,16.499,232.622,2462.226,8.832,0.0,241,2361.023
695.487,143.571,16.333,234.987,2468.478,8.882,0.0,242,2368.926
689.951,144.274,16.18,237.36,2474.867,8.918,0.0,243,2376.84
684.358,144.936,16.03,239.74,2481.115,8.939,0.0,244,2384.792
678.368,145.591,15.877,242.129,2487.226,8.93,0.0,245,2392.763
673.711,146.291,15.721,244.526,2493.619,8.905,0.0,246,2400.734
668.665,146.975,15.566,246.931,2500.008,8.865,0.0,247,2408.663
663.702,147.631,15.414,249.343,2506.396,8.856,0.0,248,2416.529
659.115,148.283,15.261,251.764,2512.645,8.878,0.0,249,2424.33
655.511,148.936,15.107,254.192,2518.619,8.931,0.0,250,2432.113
652.703,149.588,14.956,256.628,2525.285,9.0,0.0,251,2439.906
650.287,150.239,14.812,259.072,2532.367,9.039,0.0,252,2447.733
646.51,150.894,14.678,261.523,2539.174,9.064,0.0,253,2455.605
642.259,151.544,14.555,263.983,2545.978,9.075,0.0,254,2463.523
637.847,152.176,14.441,266.45,2552.504,9.101,0.0,255,2471.502
633.116,152.778,14.328,268.926,2559.175,9.097,0.0,256,2479.544
628.123,153.376,14.202,271.409,2565.837,9.092,0.0,257,2487.637
624.607,154.019,14.062,273.901,2572.786,9.086,0.0,258,2495.767
621.2,154.672,13.921,276.401,2579.731,9.126,0.0,259,2503.912
617.069,155.296,13.792,278.909,2586.675,9.167,0.0,260,2512.06
612.444,155.91,13.679,281.425,2593.342,9.21,0.0,261,2520.212
608.331,156.521,13.573,283.949,2600.564,9.253,0.0,262,2528.388
604.353,157.123,13.46,286.482,2607.785,9.296,0.0,263,2536.609
600.266,157.718,13.335,289.023,2615.008,9.337,0.0,264,2544.887
596.509,158.306,13.194,291.572,2622.089,9.345,0.0,265,2553.224
593.515,158.888,13.042,294.129,2629.174,9.367,0.0,266,2561.637
590.858,159.481,12.891,296.695,2636.67,9.405,0.0,267,2570.14
585.401,160.098,12.753,299.27,2644.174,9.474,0.0,268,2578.706
579.922,160.693,12.627,301.853,2651.674,9.516,0.0,269,2587.314
574.581,161.246,12.506,304.444,2658.619,9.527,0.0,270,2595.95
569.157,161.798,12.381,307.044,2666.119,9.507,0.0,271,2604.63
563.311,162.367,12.251,309.653,2673.619,9.486,0.0,272,2613.33
559.797,162.938,12.12,312.271,2681.392,9.496,0.0,273,2621.995
556.041,163.501,11.994,314.897,2688.896,9.537,0.0,274,2630.576
552.33,164.049,11.874,317.532,2696.119,9.608,0.0,275,2639.08
549.119,164.591,11.76,320.176,2703.896,9.651,0.0,276,2647.553
546.502,165.136,11.648,322.827,2711.952,9.664,0.0,277,2656.041
544.262,165.683,11.536,325.488,2719.73,9.662,0.0,278,2664.587
541.943,166.229,11.419,328.157,2727.23,9.673,0.0,279,2673.229
538.893,166.77,11.299,330.834,2735.143,9.699,0.0,280,2681.983
534.585,167.305,11.178,333.521,2743.063,9.71,0.0,281,2690.843
529.087,167.837,11.061,336.216,2750.841,9.722,0.0,282,2699.782
523.174,168.362,10.944,338.92,2758.896,9.735,0.0,283,2708.777
517.628,168.876,10.825,341.633,2767.23,9.763,0.0,284,2717.822
512.824,169.382,10.7,344.356,2775.008,9.775,0.0,285,2726.906
508.795,169.891,10.571,347.087,2783.059,9.771,0.0,286,2736.005
505.463,170.399,10.443,349.828,2791.119,9.782,0.0,287,2745.101
502.17,170.903,10.318,352.577,2799.452,9.823,0.0,288,2754.179
498.283,171.401,10.199,355.336,2807.785,9.895,0.0,289,2763.247
493.594,171.897,10.087,358.104,2815.563,9.938,0.0,290,2772.301
488.612,172.388,9.984,360.881,2823.896,9.951,0.0,291,2781.358
483.934,172.868,9.887,363.667,2832.23,9.936,0.0,292,2790.417
480.034,173.342,9.792,366.462,2840.563,9.952,0.0,293,2799.487
477.092,173.819,9.693,369.266,2849.174,9.997,0.0,294,2808.565
475.136,174.296,9.593,372.079,2857.517,10.072,0.0,295,2817.667
473.814,174.766,9.493,374.901,2866.119,10.117,0.0,296,2826.809
472.178,175.233,9.395,377.732,2874.73,10.132,0.0,297,2835.99
469.39,175.708,9.3,380.573,2883.341,10.118,0.0,298,2845.233
465.364,176.188,9.208,383.423,2891.952,10.103,0.0,299,2854.527
460.66,176.651,9.119,386.282,2900.841,10.119,0.0,300,2863.891
455.773,177.091,9.028,389.151,2909.452,10.166,0.0,301,2873.333
451.221,177.53,8.933,392.029,2917.92,10.243,0.0,302,2882.839
447.208,177.985,8.832,394.916,2926.952,10.288,0.0,303,2892.394
443.937,178.441,8.73,397.814,2935.841,10.303,0.0,304,2901.964
440.916,178.882,8.629,400.72,2944.73,10.286,0.0,305,2911.577
438.074,179.314,8.528,403.637,2953.619,10.301,0.0,306,2921.232
435.136,179.746,8.426,406.563,2963.063,10.346,0.0,307,2930.954
431.978,180.182,8.326,409.499,2972.23,10.422,0.0,308,2940.741
428.018,180.616,8.228,412.444,2981.119,10.468,0.0,309,2950.578
423.382,181.042,8.13,415.4,2990.563,10.514,0.0,310,2960.45
418.163,181.459,8.033,418.365,2999.73,10.56,0.0,311,2970.33
413.146,181.868,7.935,421.341,3009.174,10.635,0.0,312,2980.216
409.052,182.272,7.834,424.326,3018.072,10.679,0.0,313,2990.1
406.108,182.676,7.729,427.321,3027.517,10.692,0.0,314,3000.015
403.683,183.082,7.623,430.326,3036.961,10.676,0.0,315,3009.981
400.783,183.487,7.521,433.341,3046.128,10.662,0.0,316,3020.015
396.783,183.888,7.428,436.366,3055.563,10.679,0.0,317,3030.092
392.034,184.282,7.344,439.401,3065.017,10.727,0.0,318,3040.198
387.234,184.665,7.268,442.446,3074.73,10.805,0.0,319,3050.344
383.096,185.04,7.193,445.502,3084.73,10.885,0.0,320,3060.539
380.069,185.413,7.115,448.567,3094.73,10.965,0.0,321,3070.783
378.397,185.79,7.033,451.643,3104.452,11.045,0.0,322,3081.055
377.301,186.17,6.95,454.729,3114.452,11.094,0.0,323,3091.333
375.932,186.551,6.869,457.826,3123.896,11.111,0.0,324,3101.632
373.577,186.93,6.792,460.933,3133.896,11.099,0.0,325,3111.946
370.187,187.304,6.717,464.05,3144.174,11.116,0.0,326,3122.294
365.931,187.67,6.641,467.177,3154.174,11.164,0.0,327,3132.703
361.27,188.029,6.561,470.315,3163.628,11.24,0.0,328,3143.214
356.705,188.383,6.475,473.464,3173.905,11.287,0.0,329,3153.822
352.592,188.735,6.385,476.623,3184.174,11.305,0.0,330,3164.502
348.911,189.085,6.294,479.793,3194.452,11.293,0.0,331,3175.222
345.416,189.432,6.206,482.973,3204.452,11.281,0.0,332,3185.964
341.951,189.773,6.123,486.165,3215.008,11.299,0.0,333,3196.719
338.559,190.111,6.045,489.367,3225.563,11.348,0.0,334,3207.501
335.402,190.445,5.971,492.58,3235.841,11.428,0.0,335,3218.321
332.595,190.777,5.9,495.804,3246.119,11.509,0.0,336,3229.207
330.102,191.107,5.829,499.038,3256.952,11.59,0.0,337,3240.192
327.78,191.435,5.758,502.284,3267.785,11.702,0.0,338,3251.295
325.46,191.761,5.686,505.541,3278.063,11.814,0.0,339,3262.471
322.991,192.084,5.612,508.809,3289.174,11.925,0.0,340,3273.676
320.205,192.405,5.536,512.088,3300.559,11.975,0.0,341,3284.907
316.912,192.723,5.457,515.379,3311.674,11.993,0.0,342,3296.172
312.975,193.038,5.377,518.681,3322.785,11.98,0.0,343,3307.452
308.425,193.348,5.296,521.994,3333.619,11.967,0.0,344,3318.735
303.506,193.651,5.218,525.318,3343.619,11.954,0.0,345,3330.016
298.636,193.948,5.141,528.654,3354.174,11.942,0.0,346,3341.28
294.272,194.24,5.067,532.001,3365.294,11.931,0.0,347,3352.542
290.768,194.529,4.994,535.359,3376.405,11.95,0.0,348,3363.856
288.238,194.816,4.922,538.728,3387.517,12.0,0.0,349,3375.327
286.492,195.101,4.85,542.11,3398.896,12.079,0.0,350,3386.931
285.052,195.386,4.777,545.502,3410.285,12.129,0.0,351,3398.645
283.282,195.671,4.706,548.907,3421.674,12.148,0.0,352,3410.368
280.624,195.955,4.636,552.323,3433.619,12.153,0.0,353,3422.113
276.787,196.236,4.569,555.751,3445.563,12.188,0.0,354,3433.844
272.02,196.509,4.504,559.191,3457.087,12.254,0.0,355,3445.577
266.964,196.774,4.44,562.642,3468.341,12.305,0.0,356,3457.32
262.405,197.033,4.375,566.105,3478.072,12.326,0.0,357,3469.105
258.921,197.288,4.308,569.58,3490.294,12.377,0.0,358,3480.958
256.606,197.543,4.24,573.067,3501.961,12.505,0.0,359,3492.875
255.016,197.799,4.173,576.566,3514.183,12.694,0.0,360,3504.873
253.464,198.054,4.109,580.077,3525.563,12.822,0.0,361,3517.003
251.405,198.308,4.048,583.6,3538.063,12.873,0.0,362,3529.287
248.62,198.558,3.99,587.136,3550.841,12.864,0.0,363,3541.725
245.275,198.803,3.933,590.684,3562.794,12.856,0.0,364,3554.209
241.701,199.044,3.875,594.244,3575.008,12.847,0.0,365,3566.723
238.228,199.281,3.815,597.817,3587.23,12.838,0.0,366,3579.225
234.998,199.516,3.753,601.403,3599.452,12.858,0.0,367,3591.779
231.963,199.748,3.689,605.001,3611.952,12.907,0.0,368,3604.332
228.972,199.977,3.625,608.611,3623.905,12.988,0.0,369,3616.898
225.895,200.204,3.563,612.235,3636.396,13.04,0.0,370,3629.487
222.702,200.427,3.504,615.87,3648.896,13.063,0.0,371,3642.118
219.484,200.646,3.448,619.519,3661.405,13.056,0.0,372,3654.795
216.402,200.862,3.393,623.18,3673.896,13.079,0.0,373,3667.499
213.609,201.074,3.34,626.854,3686.683,13.133,0.0,374,3680.267
211.167,201.285,3.287,630.541,3699.183,13.216,0.0,375,3693.136
209.009,201.493,3.234,634.24,3711.961,13.271,0.0,376,3706.105
206.961,201.701,3.181,637.953,3724.747,13.356,0.0,377,3719.18
204.796,201.906,3.128,641.679,3737.517,13.47,0.0,378,3732.348
202.324,202.11,3.074,645.418,3750.85,13.643,0.0,379,3745.627
199.452,202.31,3.021,649.17,3764.183,13.755,0.0,380,3758.999
196.219,202.507,2.967,652.936,3777.794,13.809,0.0,381,3772.443
192.759,202.699,2.913,656.715,3791.119,13.802,0.0,382,3785.952
189.252,202.888,2.858,660.508,3804.183,13.794,0.0,383,3799.523
185.86,203.074,2.802,664.314,3817.785,13.786,0.0,384,3813.127
182.681,203.256,2.747,668.134,3831.119,13.779,0.0,385,3826.72
179.733,203.435,2.692,671.967,3844.452,13.772,0.0,386,3840.283
176.969,203.612,2.638,675.814,3857.794,13.764,0.0,387,3853.837
174.305,203.786,2.585,679.675,3871.405,13.786,0.0,388,3867.444
171.661,203.958,2.534,683.549,3885.294,13.869,0.0,389,3881.154
168.974,204.127,2.484,687.437,3898.628,14.013,0.0,390,3894.971
166.217,204.294,2.435,691.339,3911.961,14.189,0.0,391,3908.896
163.402,204.457,2.386,695.255,3925.85,14.333,0.0,392,3922.9
160.566,204.618,2.339,699.185,3940.008,14.447,0.0,393,3936.988
157.76,204.775,2.292,703.129,3954.461,14.502,0.0,394,3951.144
155.029,204.93,2.246,707.087,3968.896,14.558,0.0,395,3965.393
152.409,205.082,2.201,711.06,3983.063,14.613,0.0,396,3979.783
149.913,205.232,2.157,715.047,3996.952,14.697,0.0,397,3994.302
147.53,205.379,2.113,719.049,4011.396,14.811,0.0,398,4008.909
145.226,205.524,2.07,723.065,4025.572,14.957,0.0,399,4023.559
142.952,205.667,2.028,727.096,4040.572,15.135,0.0,400,4038.25
140.658,205.808,1.986,731.141,4055.572,15.252,0.0,401,4053.014
138.3,205.947,1.944,735.202,4070.563,15.307,0.0,402,4067.867
135.846,206.083,1.902,739.277,4085.563,15.301,0.0,403,4082.817
133.284,206.216,1.859,743.368,4099.738,15.294,0.0,404,4097.837
130.62,206.347,1.816,747.473,4114.729,15.289,0.0,405,4112.894
127.878,206.475,1.774,751.593,4130.008,15.315,0.0,406,4127.945
125.09,206.6,1.73,755.729,4144.746,15.371,0.0,407,4143.013
122.293,206.722,1.688,759.879,4160.017,15.454,0.0,408,4158.135
119.522,206.842,1.645,764.045,4175.294,15.507,0.0,409,4173.368
116.807,206.958,1.603,768.226,4190.302,15.531,0.0,410,4188.729
114.162,207.072,1.561,772.423,4205.58,15.557,0.0,411,4204.179
111.594,207.184,1.521,776.635,4220.841,15.613,0.0,412,4219.707
109.101,207.293,1.481,780.862,4236.405,15.731,0.0,413,4235.302
106.678,207.399,1.443,785.105,4252.517,15.85,0.0,414,4250.975
104.315,207.504,1.405,789.364,4268.35,15.969,0.0,415,4266.748
101.996,207.605,1.368,793.639,4283.896,16.027,0.0,416,4282.618
99.706,207.705,1.331,797.929,4299.739,16.084,0.0,417,4298.601
97.43,207.803,1.296,802.236,4315.572,16.14,0.0,418,4314.671
95.159,207.898,1.26,806.559,4331.683,16.225,0.0,419,4330.821
92.886,207.991,1.225,810.898,4347.794,16.31,0.0,420,4347.037
90.61,208.081,1.191,815.253,4364.191,16.398,0.0,421,4363.322
88.33,208.17,1.157,819.624,4380.858,16.488,0.0,422,4379.686
86.046,208.256,1.123,824.012,4396.961,16.575,0.0,423,4396.128
83.759,208.339,1.089,828.417,4413.619,16.66,0.0,424,4412.648
81.47,208.421,1.055,832.838,4430.017,16.741,0.0,425,4429.235
79.18,208.5,1.022,837.275,4446.674,16.795,0.0,426,4445.909
76.89,208.577,0.989,841.73,4463.072,16.852,0.0,427,4462.658
74.605,208.652,0.956,846.201,4479.739,16.942,0.0,428,4479.488
72.325,208.724,0.923,850.689,4496.952,17.092,0.0,429,4496.404
70.052,208.794,0.891,855.193,4513.905,17.238,0.0,430,4513.4
67.787,208.862,0.859,859.715,4531.128,17.324,0.0,431,4530.473
65.531,208.927,0.827,864.254,4548.341,17.352,0.0,432,4547.597
63.283,208.99,0.796,868.811,4565.58,17.381,0.0,433,4564.854
61.043,209.051,0.765,873.384,4582.525,17.441,0.0,434,4582.255
58.812,209.11,0.734,877.975,4600.017,17.528,0.0,435,4599.823
56.59,209.167,0.704,882.584,4617.517,17.585,0.0,436,4617.516
54.375,209.221,0.674,887.21,4635.025,17.674,0.0,437,4635.025
52.17,209.273,0.644,891.854,4653.08,17.794,0.0,438,4653.08
49.972,209.323,0.615,896.516,4671.691,18.004,0.0,439,4671.36
47.784,209.371,0.586,901.197,4690.841,18.183,0.0,440,4689.542
45.604,209.417,0.557,905.896,4708.072,18.328,0.0,441,4707.785
43.434,209.46,0.529,910.612,4726.396,18.384,0.0,442,4726.071
41.277,209.501,0.501,915.348,4744.461,18.408,0.0,443,4744.409
39.136,209.54,0.473,920.101,4762.794,18.434,0.0,444,4762.784
37.014,209.577,0.446,924.873,4781.396,18.493,0.0,445,4781.192
34.913,209.612,0.419,929.664,4799.461,18.582,0.0,446,4799.461
32.837,209.645,0.393,934.472,4818.072,18.672,0.0,447,4818.072
30.786,209.676,0.367,939.3,4836.961,18.762,0.0,448,4836.808
28.762,209.705,0.342,944.146,4855.85,18.881,0.0,449,4855.607
26.763,209.731,0.317,949.011,4875.017,19.0,0.0,450,4874.546
24.79,209.756,0.293,953.895,4893.358,19.12,0.0,451,4893.358
22.843,209.779,0.269,958.798,4912.517,19.209,0.0,452,4912.517
20.921,209.8,0.246,963.72,4931.691,19.298,0.0,453,4931.691
19.026,209.819,0.223,968.662,4951.413,19.415,0.0,454,4951.413
17.157,209.836,0.2,973.623,4971.413,19.534,0.0,455,4970.986
15.314,209.851,0.178,978.604,4991.136,19.686,0.0,456,4990.678
13.496,209.865,0.157,983.604,5010.572,19.839,0.0,457,5010.553
11.705,209.876,0.136,988.624,5029.739,20.022,0.0,458,5029.739
9.939,209.886,0.115,993.664,5050.294,20.174,0.0,459,5050.294
8.199,209.894,0.095,998.725,5070.572,20.265,0.0,460,5070.572
6.486,209.901,0.075,1003.806,5090.858,20.295,0.0,461,5090.726
4.798,209.905,0.056,1008.906,5112.239,20.324,0.0,462,5110.946
3.136,209.909,0.037,1014.027,5131.136,20.412,0.0,463,5131.136
1.5,209.91,0.019,1019.169,5151.422,20.559,0.0,464,5151.422
-0.11,209.91,0.001,1024.331,5172.247,20.707,0.0,465,5172.247
-1.694,209.908,-0.017,1029.513,5192.802,20.826,0.0,466,5192.802
-3.252,209.905,-0.034,1034.716,5213.913,20.979,0.0,467,5213.913
-4.785,209.9,-0.05,1039.941,5235.589,21.192,0.0,468,5235.47
-6.291,209.894,-0.066,1045.187,5256.422,21.434,0.0,469,5256.422
-7.771,209.886,-0.082,1050.454,5278.636,21.584,0.0,470,5278.08
-9.226,209.877,-0.098,1055.743,5300.294,21.644,0.0,471,5299.634
-10.654,209.866,-0.113,1061.054,5321.969,21.645,0.0,472,5321.34
-12.057,209.854,-0.127,1066.386,5343.072,21.71,0.0,473,5343.072
-13.434,209.84,-0.141,1071.739,5363.35,21.833,0.0,474,5363.35
-14.784,209.825,-0.155,1077.114,5386.961,22.015,0.0,475,5386.961
-16.109,209.809,-0.169,1082.512,5409.183,22.165,0.0,476,5409.183
-17.408,209.792,-0.182,1087.933,5432.517,22.285,0.0,477,5431.811
-18.681,209.773,-0.194,1093.376,5455.017,22.407,0.0,478,5454.401
-19.928,209.753,-0.207,1098.842,5477.239,22.529,0.0,479,5477.182
-21.149,209.732,-0.218,1104.33,5499.461,22.68,0.0,480,5499.461
-22.344,209.71,-0.23,1109.841,5522.802,22.802,0.0,481,5522.802
-23.514,209.686,-0.241,1115.376,5546.691,22.955,0.0,482,5546.19
-24.657,209.661,-0.252,1120.933,5569.469,23.109,0.0,483,5569.328
-25.774,209.636,-0.262,1126.514,5592.517,23.232,0.0,484,5592.517
-26.866,209.609,-0.272,1132.118,5615.58,23.321,0.0,485,5615.58
-27.931,209.581,-0.282,1137.746,5639.756,23.381,0.0,486,5639.391
-28.97,209.552,-0.291,1143.397,5663.358,23.564,0.0,487,5662.943
-29.981,209.522,-0.3,1149.072,5687.256,23.78,0.0,488,5686.611
-30.962,209.491,-0.309,1154.77,5710.017,23.995,0.0,489,5710.017
-31.91,209.459,-0.317,1160.492,5734.183,24.149,0.0,490,5734.183
-32.823,209.426,-0.324,1166.238,5758.358,24.302,0.0,491,5758.358
-33.698,209.392,-0.332,1172.009,5783.08,24.485,0.0,492,5783.08
-34.532,209.357,-0.338,1177.805,5807.802,24.608,0.0,493,5807.802
-35.327,209.322,-0.345,1183.625,5833.35,24.699,0.0,494,5832.607
-36.081,209.286,-0.351,1189.47,5858.08,24.793,0.0,495,5857.566
-36.794,209.249,-0.356,1195.34,5883.08,24.947,0.0,496,5882.693
-37.466,209.211,-0.361,1201.235,5907.802,25.133,0.0,497,5907.802
-38.098,209.173,-0.366,1207.156,5933.089,25.316,0.0,498,5933.089
-38.689,209.134,-0.37,1213.102,5958.645,25.529,0.0,499,5958.645
-39.239,209.095,-0.374,1219.073,5984.478,25.74,0.0,500,5984.398
-39.748,209.055,-0.377,1225.071,6010.58,25.923,0.0,501,6010.386
-40.217,209.015,-0.38,1231.094,6036.7,26.047,0.0,502,6036.682
-40.645,208.974,-0.382,1237.144,6063.089,26.236,0.0,503,6063.089
-41.032,208.933,-0.384,1243.22,6089.191,26.516,0.0,504,6089.191
-41.379,208.892,-0.386,1249.323,6116.969,26.887,0.0,505,6116.969
-41.685,208.85,-0.387,1255.454,6145.017,27.163,0.0,506,6144.298
-41.95,208.808,-0.388,1261.612,6172.247,27.345,0.0,507,6171.55
-42.174,208.766,-0.388,1267.797,6199.739,27.406,0.0,508,6198.966
-42.354,208.723,-0.388,1274.01,6226.691,27.437,0.0,509,6226.503
-42.487,208.681,-0.388,1280.25,6254.191,27.468,0.0,510,6254.191
-42.576,208.638,-0.387,1286.518,6281.961,27.528,0.0,511,6281.961
-42.627,208.595,-0.386,1292.814,6309.748,27.62,0.0,512,6309.748
-42.642,208.553,-0.384,1299.138,6338.072,27.743,0.0,513,6338.072
-42.619,208.51,-0.382,1305.49,6365.302,27.991,0.0,514,6365.302
-42.554,208.467,-0.379,1311.87,6397.239,28.391,0.0,515,6395.158
-42.439,208.425,-0.376,1318.279,6423.93,28.854,0.0,516,6423.93
-42.263,208.382,-0.373,1324.718,6453.089,29.194,0.0,517,6453.089
-42.022,208.34,-0.369,1331.186,6482.534,29.414,0.0,518,6482.534
-41.714,208.298,-0.365,1337.683,6513.097,29.635,0.0,519,6512.888
-41.343,208.257,-0.36,1344.211,6542.534,29.975,0.0,520,6542.534
-40.909,208.216,-0.354,1350.769,6573.653,30.343,0.0,521,6573.207
-40.413,208.175,-0.348,1357.357,6604.461,30.648,0.0,522,6603.709
-39.853,208.135,-0.342,1363.977,6634.469,30.804,0.0,523,6634.39
-39.23,208.096,-0.335,1370.626,6665.302,30.9,0.0,524,6665.302
-38.544,208.057,-0.328,1377.307,6696.413,30.966,0.0,525,6696.378
-37.795,208.02,-0.32,1384.019,6727.802,31.121,0.0,526,6727.655
-36.983,207.982,-0.311,1390.763,6759.469,31.37,0.0,527,6759.158
-36.108,207.946,-0.303,1397.537,6790.042,31.71,0.0,528,6790.042
-35.17,207.911,-0.293,1404.344,6823.106,32.051,0.0,529,6823.024
-34.169,207.877,-0.284,1411.183,6855.597,32.362,0.0,530,6855.452
-33.105,207.843,-0.273,1418.055,6887.819,32.674,0.0,531,6887.819
-31.978,207.811,-0.263,1424.959,6921.691,33.044,0.0,532,6921.286
-30.788,207.781,-0.252,1431.897,6954.2,33.411,0.0,533,6954.2
-29.535,207.751,-0.24,1438.868,6988.08,33.718,0.0,534,6988.08
-28.218,207.723,-0.228,1445.873,7022.534,33.907,0.0,535,7022.534
-26.839,207.696,-0.216,1452.913,7056.136,34.068,0.0,536,7056.136
-25.397,207.67,-0.204,1459.986,7090.867,34.228,0.0,537,7090.867
-23.891,207.646,-0.19,1467.094,7125.589,34.418,0.0,538,7125.589
